-- Table: insert accounts type

INSERT INTO accounts_type(code, name, createdat, updatedat)VALUES ('CC', 'CONTA_CORRENTE', current_date, current_date);
INSERT INTO accounts_type(code, name, createdat, updatedat)VALUES ('CP', 'CONTA_POUPANCA', current_date, current_date);
INSERT INTO accounts_type(code, name, createdat, updatedat)VALUES ('CF', 'CONTA_FACIL', current_date, current_date);

-- Table: insert banks
INSERT INTO banks(code, name, urlimg, createdat, updatedat)VALUES ('001','Banco do Brasil', 'https://transfeera.com/wp-content/uploads/2020/02/transfeera-banco-brasil.svg', current_date, current_date);
INSERT INTO banks(code, name, urlimg, createdat, updatedat)VALUES ('104','Caixa', 'https://transfeera.com/wp-content/uploads/2020/02/transfeera-banco-caixa.svg', current_date, current_date);
INSERT INTO banks(code, name, urlimg, createdat, updatedat)VALUES ('237','Bradesco', 'https://transfeera.com/wp-content/uploads/2020/02/transfeera-banco-bradesco.svg', current_date, current_date);
INSERT INTO banks(code, name, urlimg, createdat, updatedat)VALUES ('756','Sicoob', 'https://transfeera.com/wp-content/uploads/2020/02/transfeera-banco-sicoob.svg', current_date, current_date);
INSERT INTO banks(code, name, urlimg, createdat, updatedat)VALUES ('341','Itaú', 'https://transfeera.com/wp-content/uploads/2020/02/transfeera-banco-itau.svg', current_date, current_date);

-- Table: insert favorites

INSERT INTO favorites(name, nif, email, agency, agencydigit, account, accountdigit,  bankcode, accounttypecode, status, createdat, updatedat)VALUES ('Dean Winchester', '72385156016', 'dean@gmail.com', '0001', '0', '258353', '4', '237', 'CC', 'R', current_date, current_date);
INSERT INTO favorites(name, nif, email, agency, agencydigit, account, accountdigit,  bankcode, accounttypecode, status, createdat, updatedat)VALUES ('Sam Winchester', '96104562000', 'sam@gmail.com', '7855', '0', '0092847', '9', '756', 'CP', 'R', current_date, current_date);
INSERT INTO favorites(name, nif, email, agency, agencydigit, account, accountdigit,  bankcode, accounttypecode, status, createdat, updatedat)VALUES ('John Wick', '98756157061', 'john.wick@gmail.com', '2343', '0', '0092847', '9', '756', 'CF', 'R', current_date, current_date);
INSERT INTO favorites(name, nif, email, agency, agencydigit, account, accountdigit,  bankcode, accounttypecode, status, createdat, updatedat)VALUES ('Darth Vader', '11050517067', 'darth.vader@gmail.com', '2234', '0', '0092847', '9', '237', 'CF', 'V', current_date, current_date);
INSERT INTO favorites(name, nif, email, agency, agencydigit, account, accountdigit,  bankcode, accounttypecode, status, createdat, updatedat)VALUES ('John McClane', '85091680080', 'john.mcclane@gmail.com', '7765', '0', '0092847', '9', '756', 'CC', 'V', current_date, current_date);
INSERT INTO favorites(name, nif, email, agency, agencydigit, account, accountdigit,  bankcode, accounttypecode, status, createdat, updatedat)VALUES ('James Bond', '52236176066', 'james.bond@gmail.com', '0876', '0', '0092847', '9', '104', 'CC', 'V', current_date, current_date);
INSERT INTO favorites(name, nif, email, agency, agencydigit, account, accountdigit,  bankcode, accounttypecode, status, createdat, updatedat)VALUES ('Michael Corleone', '58232027096', 'michael.corleone@gmail.com', '0814', '0', '0092847', '9', '756', 'CF', 'V', current_date, current_date);
INSERT INTO favorites(name, nif, email, agency, agencydigit, account, accountdigit,  bankcode, accounttypecode, status, createdat, updatedat)VALUES ('Tony Stark', '36849064096', 'tony.stark@gmail.com', '0876', '0', '0092847', '9', '104', 'CC', 'V', current_date, current_date);
INSERT INTO favorites(name, nif, email, agency, agencydigit, account, accountdigit,  bankcode, accounttypecode, status, createdat, updatedat)VALUES ('Jack Sparrow', '30501613021', 'jack.sparrow@gmail.com', '9541', '0', '0092847', '9', '104', 'CC', 'R', current_date, current_date);
INSERT INTO favorites(name, nif, email, agency, agencydigit, account, accountdigit,  bankcode, accounttypecode, status, createdat, updatedat)VALUES ('Hannibal Lecter', '49893995019', 'hannibal.lecter@gmail.com', '0814', '0', '0092847', '9', '237', 'CF', 'R', current_date, current_date);
INSERT INTO favorites(name, nif, email, agency, agencydigit, account, accountdigit,  bankcode, accounttypecode, status, createdat, updatedat)VALUES ('Forrest Gump', '89068189042', 'forrest.gump@gmail.com', '0001', '0', '0092847', '9', '237', 'CP', 'R', current_date, current_date);
INSERT INTO favorites(name, nif, email, agency, agencydigit, account, accountdigit,  bankcode, accounttypecode, status, createdat, updatedat)VALUES ('Rocky Balboa', '99706243003', 'dean@gmail.com', '1256', '0', '0092847', '9', '237', 'CC', 'R', current_date, current_date);
INSERT INTO favorites(name, nif, email, agency, agencydigit, account, accountdigit,  bankcode, accounttypecode, status, createdat, updatedat)VALUES ('Yoda', '87510830001', 'rocky.balboa@gmail.com', '7765', '0', '0092847', '9', '237', 'CC', 'V', current_date, current_date);
INSERT INTO favorites(name, nif, email, agency, agencydigit, account, accountdigit,  bankcode, accounttypecode, status, createdat, updatedat)VALUES ('Marvel Corporation S/A', '35525380030', 'marvel@gmail.com', '8246', '0', '0092847', '9', '756', 'CC', 'R', current_date, current_date);
INSERT INTO favorites(name, nif, email, agency, agencydigit, account, accountdigit,  bankcode, accounttypecode, status, createdat, updatedat)VALUES ('Avengers Corporation S/A', '56202172053', 'avengers@gmail.com', '0814', '0', '0092847', '9', '237', 'CF', 'R', current_date, current_date);
INSERT INTO favorites(name, nif, email, agency, agencydigit, account, accountdigit,  bankcode, accounttypecode, status, createdat, updatedat)VALUES ('Skynet S/A', '29933084089', 'skynet@gmail.com', '0814', '0', '0092847', '9', '237', 'CC', 'V', current_date, current_date);
INSERT INTO favorites(name, nif, email, agency, agencydigit, account, accountdigit,  bankcode, accounttypecode, status, createdat, updatedat)VALUES ('DC Comics', '45265592024', 'dc.comics@gmail.com', '0814', '0', '0092847', '9', '237', 'CC', 'R', current_date, current_date);
INSERT INTO favorites(name, nif, email, agency, agencydigit, account, accountdigit,  bankcode, accounttypecode, status, createdat, updatedat)VALUES ('Optimus Prime', '88325233028', 'optimus.prime@gmail.com', '0876', '0', '0092847', '9', '756', 'CF', 'R', current_date, current_date);
INSERT INTO favorites(name, nif, email, agency, agencydigit, account, accountdigit,  bankcode, accounttypecode, status, createdat, updatedat)VALUES ('Sheldon Cooper', '96849319051', 'sheldon.cooper@gmail.com', '4523', '0', '0092847', '9', '756', 'CP', 'R', current_date, current_date);
INSERT INTO favorites(name, nif, email, agency, agencydigit, account, accountdigit,  bankcode, accounttypecode, status, createdat, updatedat)VALUES ('Sherlock Holmes', '08985256084', 'sherlock.holmes@gmail.com', '0814', '0', '0092847', '9', '104', 'CF', 'R', current_date, current_date);
INSERT INTO favorites(name, nif, email, agency, agencydigit, account, accountdigit,  bankcode, accounttypecode, status, createdat, updatedat)VALUES ('Will Smith', '24957553050', 'will.smith@gmail.com', '0814', '0', '0092847', '9', '756', 'CC', 'R', current_date, current_date);
INSERT INTO favorites(name, nif, email, agency, agencydigit, account, accountdigit,  bankcode, accounttypecode, status, createdat, updatedat)VALUES ('Harry Potter', '04850124054', 'harry.potter@gmail.com', '0814', '0', '0092847', '9', '237', 'CP', 'R', current_date, current_date);
INSERT INTO favorites(name, nif, email, agency, agencydigit, account, accountdigit,  bankcode, accounttypecode, status, createdat, updatedat)VALUES ('Ethan Hunt', '77280675085', 'ethan.hunt@gmail.com', '9235', '0', '0092847', '9', '001', 'CC', 'R', current_date, current_date);
INSERT INTO favorites(name, nif, email, agency, agencydigit, account, accountdigit,  bankcode, accounttypecode, status, createdat, updatedat)VALUES ('Michael Jackson', '45378577063', 'michael.jackson@gmail.com', '3654', '0', '0092847', '9', '001', 'CC', 'R', current_date, current_date);
INSERT INTO favorites(name, nif, email, agency, agencydigit, account, accountdigit,  bankcode, accounttypecode, status, createdat, updatedat)VALUES ('Bob Marley', '94513131098', 'bob.marley@gmail.com', '8809', '0', '0092847', '9', '001', 'CC', 'R', current_date, current_date);
INSERT INTO favorites(name, nif, email, agency, agencydigit, account, accountdigit,  bankcode, accounttypecode, status, createdat, updatedat)VALUES ('Avril Lavigne', '20171305086', 'avril.lavigne@gmail.com', '4547', '0', '0092847', '9', '001', 'CC', 'R', current_date, current_date);
INSERT INTO favorites(name, nif, email, agency, agencydigit, account, accountdigit,  bankcode, accounttypecode, status, createdat, updatedat)VALUES ('Snoop Dog', '01655578006', 'snoop.dog@gmail.com', '8765', '0', '0092847', '9', '001', 'CC', 'R', current_date, current_date);
INSERT INTO favorites(name, nif, email, agency, agencydigit, account, accountdigit,  bankcode, accounttypecode, status, createdat, updatedat)VALUES ('Steve Wonder', '27773506043', 'steve.wonder@gmail.com', '1236', '0', '0092847', '9', '001', 'CC', 'R', current_date, current_date);
INSERT INTO favorites(name, nif, email, agency, agencydigit, account, accountdigit,  bankcode, accounttypecode, status, createdat, updatedat)VALUES ('Kanye West', '33328826009', 'kanye.west@gmail.com', '0798', '0', '0092847', '9', '001', 'CC', 'R', current_date, current_date);
INSERT INTO favorites(name, nif, email, agency, agencydigit, account, accountdigit,  bankcode, accounttypecode, status, createdat, updatedat)VALUES ('Tupac Shakur', '31204127085', 'tupac.shakur@gmail.com', '0987', '0', '0092847', '9', '001', 'CC', 'R', current_date, current_date);
INSERT INTO favorites(name, nif, email, agency, agencydigit, account, accountdigit,  bankcode, accounttypecode, status, createdat, updatedat)VALUES ('Arnold Schwarzenegger', '56780814032', 'arnold.schwarzenegger@gmail.com', '0123', '0', '0092847', '9', '001', 'CC', 'R', current_date, current_date);